,r,g_true
0,0.0,0.0
1,0.01,-0.0055759166746419345
2,0.02,-0.011171933592892962
3,0.03,-0.01680698677929757
4,0.04,-0.022497751326755727
5,0.05,-0.028257675778687496
6,0.06,-0.03409620358534019
7,0.07,-0.040018226756229
8,0.08,-0.046023803355378666
9,0.09,-0.05210815517562741
10,0.1,-0.05826194567194673
11,0.11,-0.06447182197568774
12,0.12,-0.07072118949588592
13,0.13,-0.07699117412941449
14,0.14,-0.08326171623142116
15,0.15,-0.0895127328716648
16,0.16,-0.09572528096296117
17,0.17,-0.10188265382259092
18,0.18,-0.10797134761634675
19,0.19,-0.11398184171071855
20,0.2,-0.1199091477801486
21,0.21,-0.12575309595363884
22,0.22,-0.1315183415567548
23,0.23,-0.13721409222360353
24,0.24,-0.14285357137628207
25,0.25,-0.14845324935454174
26,0.26,-0.15403188693874723
27,0.27,-0.15960944686401493
28,0.28,-0.16520593654374738
29,0.29,-0.17084024916614401
30,0.3,-0.17652907037082183
31,0.31,-0.18228591385458567
32,0.32,-0.18812034172244033
33,0.33,-0.19403741463238214
34,0.34,-0.20003740340823617
35,0.35000000000000003,-0.20611577859280023
36,0.36,-0.2122634782683787
37,0.37,-0.2184674383221945
38,0.38,-0.2247113541184055
39,0.39,-0.23097662913972042
40,0.4,-0.23724345535672714
41,0.41000000000000003,-0.2434919624974122
42,0.42,-0.2497033694605882
43,0.43,-0.255861071069725
44,0.44,-0.26195159719675526
45,0.45,-0.26796538877192166
46,0.46,-0.27389734589659065
47,0.47000000000000003,-0.279747116565602
48,0.48,-0.28551910960874527
49,0.49,-0.2912222314972288
50,0.5,-0.2968693626971724
51,0.51,-0.30247660435591006
52,0.52,-0.3080623394011311
53,0.53,-0.3136461628470218
54,0.54,-0.31924774361585856
55,0.55,-0.32488568406525287
56,0.56,-0.33057644343969206
57,0.5700000000000001,-0.33633338764385634
58,0.58,-0.3421660202922589
59,0.59,-0.3480794393632595
60,0.6,-0.3540740505985218
61,0.61,-0.360145553812642
62,0.62,-0.3662852023862578
63,0.63,-0.37248032033576056
64,0.64,-0.3787150464079739
65,0.65,-0.38497126150725713
66,0.66,-0.3912296451873797
67,0.67,-0.39747079954255227
68,0.68,-0.40367637503638726
69,0.6900000000000001,-0.40983013282903447
70,0.7000000000000001,-0.41591888199310045
71,0.71,-0.42193323741821936
72,0.72,-0.42786815475392087
73,0.73,-0.43372321181024276
74,0.74,-0.43950262065883827
75,0.75,-0.4452149703869177
76,0.76,-0.4508727161348458
77,0.77,-0.4564914447816718
78,0.78,-0.4620889605743466
79,0.79,-0.46768424437559364
80,0.8,-0.4732963474325074
81,0.81,-0.47894328422823795
82,0.8200000000000001,-0.4846409888668886
83,0.8300000000000001,-0.4904023955719863
84,0.84,-0.4962366964858729
85,0.85,-0.5021488194807201
86,0.86,-0.5081391557503323
87,0.87,-0.514203552306868
88,0.88,-0.5203335690173748
89,0.89,-0.5265169843882415
90,0.9,-0.5327385198423641
91,0.91,-0.5389807395765485
92,0.92,-0.545225072970534
93,0.93,-0.5514528995286192
94,0.9400000000000001,-0.5576466328707672
95,0.9500000000000001,-0.5637907405453104
96,0.96,-0.5698726403850618
97,0.97,-0.5758834215315862
98,0.98,-0.5818183486658304
99,0.99,-0.5876771207893776
100,1.0,-0.5934638703428039
101,1.01,-0.5991869036756458
102,1.02,-0.6048581990021793
103,1.03,-0.6104926921032675
104,1.04,-0.6161073923420777
105,1.05,-0.6217203813349629
106,1.06,-0.6273497532928166
107,1.07,-0.6330125592414082
108,1.08,-0.6387238168650372
109,1.09,-0.6444956436355498
110,1.1,-0.6503365634395597
111,1.11,-0.656251026549137
112,1.12,-0.6622391701138193
113,1.1300000000000001,-0.6682968321365184
114,1.1400000000000001,-0.6744158169733533
115,1.1500000000000001,-0.6805843956473013
116,1.16,-0.6867880105544825
117,1.17,-0.6930101422728411
118,1.18,-0.6992332868475446
119,1.19,-0.7054399856660594
120,1.2,-0.711613847205855
121,1.21,-0.7177405006929538
122,1.22,-0.7238084259921038
123,1.23,-0.7298096115932096
124,1.24,-0.7357400029063544
125,1.25,-0.7415997156077804
126,1.26,-0.7473930027433646
127,1.27,-0.7531279788640989
128,1.28,-0.7588161187767636
129,1.29,-0.7644715616977572
130,1.3,-0.7701102629226115
131,1.31,-0.7757490439060152
132,1.32,-0.7814045973780549
133,1.33,-0.7870925064755518
134,1.34,-0.7928263357179057
135,1.35,-0.7986168470881921
136,1.36,-0.8044713867783579
137,1.37,-0.8103934777932525
138,1.3800000000000001,-0.8163826412091925
139,1.3900000000000001,-0.8224344551947318
140,1.4000000000000001,-0.8285408467438051
141,1.41,-0.8346905972888012
142,1.42,-0.8408700307719805
143,1.43,-0.847063842102066
144,1.44,-0.8532560158345346
145,1.45,-0.8594307798590973
146,1.46,-0.8655735371431431
147,1.47,-0.8716717202529657
148,1.48,-0.8777155183386642
149,1.49,-0.8836984342105383
150,1.5,-0.889617639564395
151,1.51,-0.8954741086932351
152,1.52,-0.9012725244077485
153,1.53,-0.9070209635693007
154,1.54,-0.9127303827935496
155,1.55,-0.9184139367226779
156,1.56,-0.9240861710841359
157,1.57,-0.9297621399730093
158,1.58,-0.9354565009923743
159,1.59,-0.941182642823939
160,1.6,-0.9469518974406024
161,1.61,-0.9527728836735243
162,1.62,-0.9586510205583036
163,1.6300000000000001,-0.9645882383248632
164,1.6400000000000001,-0.9705829027161406
165,1.6500000000000001,-0.9766299552696445
166,1.6600000000000001,-0.9827212590711902
167,1.67,-0.9888461270906056
168,1.68,-0.9949919992862752
169,1.69,-1.0011452258772968
170,1.7,-1.0072919080539087
171,1.71,-1.0134187442891465
172,1.72,-1.0195138305014653
173,1.73,-1.0255673655769533
174,1.74,-1.0315722199737802
175,1.75,-1.0375243339030527
176,1.76,-1.0434229223556057
177,1.77,-1.0492704763486707
178,1.78,-1.0550725624451047
179,1.79,-1.0608374350638472
180,1.8,-1.0665754875819102
181,1.81,-1.072298578017817
182,1.82,-1.0780192725834472
183,1.83,-1.0837500551397556
184,1.84,-1.089502552308302
185,1.85,-1.0952868225814902
186,1.86,-1.101110753341943
187,1.87,-1.1069796025366063
188,1.8800000000000001,-1.112895712315812
189,1.8900000000000001,-1.1188584108449708
190,1.9000000000000001,-1.1248641064340088
191,1.9100000000000001,-1.1309065658734914
192,1.92,-1.1369773571940762
193,1.93,-1.1430664267169195
194,1.94,-1.149162771891627
195,1.95,-1.1552551655537118
196,1.96,-1.161332884243672
197,1.97,-1.167386393299545
198,1.98,-1.1734079445530707
199,1.99,-1.1793920484197116
200,2.0,-1.185335790585193
201,2.0100000000000002,-1.1912389738075397
202,2.02,-1.1971040769014334
203,2.0300000000000002,-1.202936034997093
204,2.04,-1.2087418568813713
205,2.05,-1.2145301058640259
206,2.06,-1.2203102794636291
207,2.07,-1.2260921296843053
208,2.08,-1.2318849693171678
209,2.09,-1.2376970102903764
210,2.1,-1.243534777550006
211,2.11,-1.2494026364253388
212,2.12,-1.2553024632586154
213,2.13,-1.2612334787785098
214,2.14,-1.2671922519301868
215,2.15,-1.273172869406518
216,2.16,-1.2791672537712868
217,2.17,-1.2851656016425816
218,2.18,-1.29115690367594
219,2.19,-1.2971295007103822
220,2.2,-1.3030716259257316
221,2.21,-1.3089718815312348
222,2.22,-1.3148196004803938
223,2.23,-1.3206050488832306
224,2.24,-1.3263194328491337
225,2.25,-1.3319546839291183
226,2.2600000000000002,-1.3375030094601577
227,2.27,-1.3429562071502148
228,2.2800000000000002,-1.348304756317042
229,2.29,-1.3535367104334926
230,2.3000000000000003,-1.358636426214818
231,2.31,-1.3635831726961147
232,2.32,-1.3683496690394212
233,2.33,-1.3729006018332663
234,2.34,-1.3771911712905924
235,2.35,-1.3811657111514992
236,2.36,-1.3847564196403956
237,2.37,-1.38788222912694
238,2.38,-1.3904478310034833
239,2.39,-1.3923428606679635
240,2.4,-1.3934412364193078
241,2.41,-1.393600636569496
242,2.42,-1.3926620921225314
243,2.43,-1.3904496687932668
244,2.44,-1.3867702125545396
245,2.45,-1.3814131376548646
246,2.46,-1.374150245171801
247,2.47,-1.3647355733483604
248,2.48,-1.3529052975466622
249,2.49,-1.3383777166625959
250,2.5,-1.320853383009528
251,2.5100000000000002,-1.300015452506057
252,2.52,-1.2755303498576938
253,2.5300000000000002,-1.2470488576237118
254,2.54,-1.2142077469860364
255,2.5500000000000003,-1.1766320702336612
256,2.56,-1.1339382292668887
257,2.57,-1.0857379200082429
258,2.58,-1.031643029135544
259,2.59,-0.9712715271994797
260,2.6,-0.9042543616774545
261,2.61,-0.8302433061282477
262,2.62,-0.7489196691578708
263,2.63,-0.6600037116641102
264,2.64,-0.5632645654514069
265,2.65,-0.45853039371325355
266,2.66,-0.34569848709837653
267,2.67,-0.22474495110199944
268,2.68,-0.09573361414279113
269,2.69,0.04117622668119847
270,2.7,0.18572360162212215
271,2.71,0.3375415648739399
272,2.72,0.4961551122002975
273,2.73,0.6609815845313207
274,2.74,0.8313337509328882
275,2.75,1.0064256789559098
276,2.7600000000000002,1.1853814040433535
277,2.77,1.3672463060564617
278,2.7800000000000002,1.5510009942974605
279,2.79,1.7355773972674622
280,2.8000000000000003,1.9198766546058845
281,2.81,2.102788320974549
282,2.82,2.2832103195660856
283,2.83,2.460069030419502
284,2.84,2.6323388690831733
285,2.85,2.799060706735509
286,2.86,2.959358504953059
287,2.87,3.112453587034397
288,2.88,3.2576760420552904
289,2.89,3.394472855340625
290,2.9,3.522412476335519
291,2.91,3.6411856674582572
292,2.92,3.7506026200870224
293,2.93,3.850586470410142
294,2.94,3.941163492128788
295,2.95,4.022450378536763
296,2.96,4.094639147127765
297,2.97,4.157980299926758
298,2.98,4.212764947333971
299,2.99,4.259306648577039
300,3.0,4.297923735306175
301,3.0100000000000002,4.328922865254454
302,3.02,4.352584500519186
303,3.0300000000000002,4.369150921701029
304,3.04,4.378817278111417
305,3.0500000000000003,4.381726040094836
306,3.06,4.377965067912226
307,3.0700000000000003,4.367569349182402
308,3.08,4.350526290760438
309,3.09,4.326784288591309
310,3.1,4.29626414788417
311,3.11,4.258872792854246
312,3.12,4.214518596472562
313,3.13,4.163127581295116
314,3.14,4.104659696359684
315,3.15,4.039124364693096
316,3.16,3.9665945219012846
317,3.17,3.887218427690158
318,3.18,3.8012286264248067
319,3.19,3.708947555888912
320,3.2,3.6107894498223363
321,3.21,3.507258343060884
322,3.22,3.398942160848249
323,3.23,3.286503048346032
324,3.24,3.1706642646464
325,3.25,3.052194120075974
326,3.2600000000000002,2.931887569278072
327,3.27,2.8105461794348754
328,3.2800000000000002,2.688957268237619
329,3.29,2.5678730464847552
330,3.3000000000000003,2.4479906037501227
331,3.31,2.3299335423678373
332,3.3200000000000003,2.214235996665498
333,3.33,2.101329674180395
334,3.34,1.9915344281948555
335,3.35,1.8850527222206288
336,3.36,1.7819681838730042
337,3.37,1.6822482753314727
338,3.38,1.585750937964546
339,3.39,1.492234907269262
340,3.4,1.401373248143741
341,3.41,1.3127695359819815
342,3.42,1.225976011382261
343,3.43,1.1405129693086922
344,3.44,1.0558886097758455
345,3.45,0.9716185774020922
346,3.46,0.8872444507736944
347,3.47,0.8023505072253386
348,3.48,0.7165781807266141
349,3.49,0.6296377452248282
350,3.5,0.5413168872481957
351,3.5100000000000002,0.45148597338849844
352,3.52,0.3600999637030185
353,3.5300000000000002,0.2671970643516252
354,3.54,0.1728943454978602
355,3.5500000000000003,0.07738066786648118
356,3.56,-0.019092641523747123
357,3.5700000000000003,-0.11622285082034908
358,3.58,-0.21366806176768185
359,3.59,-0.3110600459681753
360,3.6,-0.4080171083697581
361,3.61,-0.5041564418145232
362,3.62,-0.5991054940704567
363,3.63,-0.6925119457085767
364,3.64,-0.7840519888730236
365,3.65,-0.8734366982539533
366,3.66,-0.9604163909643675
367,3.67,-1.0447829760991056
368,3.68,-1.1263703923555521
369,3.69,-1.2050533185967058
370,3.7,-1.280744413770253
371,3.71,-1.353390396226033
372,3.72,-1.422967306314921
373,3.73,-1.4894753094361115
374,3.74,-1.5529333897753061
375,3.75,-1.613374259252131
376,3.7600000000000002,-1.6708397640284207
377,3.77,-1.72537701546716
378,3.7800000000000002,-1.77703540741571
379,3.79,-1.8258646112286632
380,3.8000000000000003,-1.8719135682923629
381,3.81,-1.9152304311108406
382,3.8200000000000003,-1.9558633420818894
383,3.83,-1.993861887227263
384,3.84,-2.0292790229464264
385,3.85,-2.0621732491291676
386,3.86,-2.092610792590671
387,3.87,-2.120667570774095
388,3.88,-2.146430726107739
389,3.89,-2.1699995546076107
390,3.9,-2.191485695896098
391,3.91,-2.2110125028465846
392,3.92,-2.228713564295472
393,3.93,-2.244730410266792
394,3.94,-2.2592094825569133
395,3.95,-2.2722985011941534
396,3.96,-2.284142396501067
397,3.97,-2.2948790050878114
398,3.98,-2.304634744608495
399,3.99,-2.313520485776673
400,4.0,-2.3216278309893683
401,4.01,-2.329025987729323
402,4.0200000000000005,-2.335759393170747
403,4.03,-2.3418462061611827
404,4.04,-2.347277736504918
405,4.05,-2.3520188320455744
406,4.0600000000000005,-2.356009194380679
407,4.07,-2.3591655470374815
408,4.08,-2.361384538280289
409,4.09,-2.3625462267197657
410,4.1,-2.3625179733702644
411,4.11,-2.3611585499716217
412,4.12,-2.3583222708180442
413,4.13,-2.353862963898892
414,4.14,-2.347637616072417
415,4.15,-2.3395095548765905
416,4.16,-2.329351064530831
417,4.17,-2.3170453734062426
418,4.18,-2.3024879921988495
419,4.19,-2.285587423595422
420,4.2,-2.266265302807242
421,4.21,-2.244456061615908
422,4.22,-2.2201062345396827
423,4.23,-2.1931735428780392
424,4.24,-2.1636258997785016
425,4.25,-2.1314404767630264
426,4.26,-2.096602959652193
427,4.2700000000000005,-2.0591071004456905
428,4.28,-2.018954642919387
429,4.29,-1.9761556654050114
430,4.3,-1.9307293466921442
431,4.3100000000000005,-1.8827051227004081
432,4.32,-1.8321241650320987
433,4.33,-1.7790410801504843
434,4.34,-1.7235257019076728
435,4.3500000000000005,-1.6656648322586067
436,4.36,-1.6055637765448527
437,4.37,-1.543347521442359
438,4.38,-1.4791614156518498
439,4.39,-1.4131712351502006
440,4.4,-1.3455625451942987
441,4.41,-1.2765393086125072
442,4.42,-1.2063217321232047
443,4.43,-1.1351433870484051
444,4.44,-1.0632476852211723
445,4.45,-0.9908838324619323
446,4.46,-0.9183024181859103
447,4.47,-0.8457508282360962
448,4.48,-0.7734686870523282
449,4.49,-0.7016835434415799
450,4.5,-0.6306070107609345
451,4.51,-0.56043155716435
452,4.5200000000000005,-0.4913281152593656
453,4.53,-0.42344464426821615
454,4.54,-0.35690573336209785
455,4.55,-0.29181328449097177
456,4.5600000000000005,-0.22824825937717763
457,4.57,-0.16627342120887637
458,4.58,-0.10593694985053716
459,4.59,-0.04727676287588329
460,4.6000000000000005,0.009674664034787214
461,4.61,0.06488521265880208
462,4.62,0.11831802642115057
463,4.63,0.1699266606558696
464,4.64,0.2196507282447229
465,4.65,0.267412269202281
466,4.66,0.31311304043695526
467,4.67,0.3566328795891871
468,4.68,0.39782924667719943
469,4.69,0.43653799183153397
470,4.7,0.4725753395150415
471,4.71,0.5057410222742691
472,4.72,0.5358224431865168
473,4.73,0.5625996984982
474,4.74,0.5858512529001896
475,4.75,0.6053600313945641
476,4.76,0.6209196751466898
477,4.7700000000000005,0.6323407048208006
478,4.78,0.6394563437264617
479,4.79,0.6421277740456368
480,4.8,0.6402486312194953
481,4.8100000000000005,0.6337485824427402
482,4.82,0.6225958828737368
483,4.83,0.6067988550207404
484,4.84,0.5864062900183756
485,4.8500000000000005,0.5615068213378417
486,4.86,0.5322273691690999
487,4.87,0.4987307948254296
488,4.88,0.46121293699301674
489,4.89,0.41989922392145496
490,4.9,0.3750410667414701
491,4.91,0.3269122386417413
492,4.92,0.27580543290721227
493,4.93,0.2220291706948373
494,4.94,0.16590519832813755
495,4.95,0.10776647572199549
496,4.96,0.047955814549223874
497,4.97,-0.013174820600593107
498,4.98,-0.07526437998917579
499,4.99,-0.13794223982803888
500,5.0,-0.20082726861115296
501,5.01,-0.2635265911218809
502,5.0200000000000005,-0.3256342145698854
503,5.03,-0.3867296937526545
504,5.04,-0.4463770144931335
505,5.05,-0.5041238669413755
506,5.0600000000000005,-0.5595014632581109
507,5.07,-0.6120250288415878
508,5.08,-0.6611950641679989
509,5.09,-0.7064994373771454
510,5.1000000000000005,-0.7474163280559372
511,5.11,-0.7834180024556354
512,5.12,-0.8139753617947678
513,5.13,-0.8385631703626049
514,5.14,-0.8566658405943977
515,5.15,-0.8677836295230157
516,5.16,-0.8714390859731855
517,5.17,-0.8671835810270289
518,5.18,-0.854603755633745
519,5.19,-0.8333277282644274
520,5.2,-0.8030309212923595
521,5.21,-0.7634413860098659
522,5.22,-0.714344531297367
523,5.23,-0.6555871881878521
524,5.24,-0.5870809701101729
525,5.25,-0.5088049146925675
526,5.26,-0.4208074160751465
527,5.2700000000000005,-0.32320747539276556
528,5.28,-0.21619531046973722
529,5.29,-0.10003237324114228
530,5.3,0.0249491751550448
531,5.3100000000000005,0.15834748598121456
532,5.32,0.29969250489301713
533,5.33,0.44844789127178014
534,5.34,0.6040133676447306
535,5.3500000000000005,0.7657275086955506
536,5.36,0.9328709953944128
537,5.37,1.1046703734085095
538,5.38,1.2803023646526874
539,5.39,1.4588987853013953
540,5.4,1.6395521218306008
541,5.41,1.8213218081146183
542,5.42,2.003241231139903
543,5.43,2.184325470859508
544,5.44,2.3635797519064092
545,5.45,2.5400085525498395
546,5.46,2.712625281022216
547,5.47,2.880462393053681
548,5.48,3.042581789192924
549,5.49,3.198085298393529
550,5.5,3.3461250274684025
551,5.51,3.4859133362390646
552,5.5200000000000005,3.6167321871100846
553,5.53,3.737941616560478
554,5.54,3.8489870853637957
555,5.55,3.949405484395958
556,5.5600000000000005,4.03882960327739
557,5.57,4.1169909088874075
558,5.58,4.183720528535323
559,5.59,4.2389483863791355
560,5.6000000000000005,4.282700499299494
561,5.61,4.315094497371476
562,5.62,4.336333491722176
563,5.63,4.346698466329384
564,5.64,4.3465394177712415
565,5.65,4.3362655059251285
566,5.66,4.316334507378236
567,5.67,4.2872418805809405
568,5.68,4.249509756831695
569,5.69,4.203676163903872
570,5.7,4.150284769985146
571,5.71,4.089875405643249
572,5.72,4.022975582318984
573,5.73,3.950093179368406
574,5.74,3.871710420245634
575,5.75,3.7882792045495832
576,5.76,3.7002178089319737
577,5.7700000000000005,3.6079089187893922
578,5.78,3.511698906546773
579,5.79,3.411898233169478
580,5.8,3.3087828188818866
581,5.8100000000000005,3.2025962079894557
582,5.82,3.0935523417215918
583,5.83,2.9818387520949226
584,5.84,2.867619998354124
585,5.8500000000000005,2.751041184491311
586,5.86,2.6322314201570225
587,5.87,2.5113071161043194
588,5.88,2.388375037081954
589,5.89,2.263535067647904
590,5.9,2.1368826775807714
591,5.91,2.008511101453102
592,5.92,1.878513269802483
593,5.93,1.7469835458688658
594,5.94,1.614019331182993
595,5.95,1.479722605006311
596,5.96,1.3442014568649094
597,5.97,1.2075716588136507
598,5.98,1.069958305692865
599,5.99,0.9314975289649854
600,6.0,0.7923382645019239
601,6.01,0.6526440288774583
602,6.0200000000000005,0.5125946343057106
603,6.03,0.3723877512955037
604,6.04,0.23224021211408058
605,6.05,0.09238893872765158
606,6.0600000000000005,-0.04690862292495018
607,6.07,-0.18537467406414398
608,6.08,-0.32271193662918957
609,6.09,-0.45860530368651864
610,6.1000000000000005,-0.5927243115532872
611,6.11,-0.7247264433853058
612,6.12,-0.8542612350735559
613,6.13,-0.980975113664584
614,6.140000000000001,-1.1045168584031844
615,6.15,-1.2245435371736142
616,6.16,-1.340726738786124
617,6.17,-1.4527588962048552
618,6.18,-1.560359479098081
619,6.19,-1.6632808272404245
620,6.2,-1.7613134000316077
621,6.21,-1.8542902318854884
622,6.22,-1.9420904080812937
623,6.23,-2.0246414098912715
624,6.24,-2.1019202199249527
625,6.25,-2.1739531267380015
626,6.26,-2.2408142195780196
627,6.2700000000000005,-2.3026226171906297
628,6.28,-2.3595385263030484
629,6.29,-2.4117582731996667
630,6.3,-2.4595084933445155
631,6.3100000000000005,-2.5030396972351268
632,6.32,-2.542619453953617
633,6.33,-2.578525446080913
634,6.34,-2.6110386501914356
635,6.3500000000000005,-2.6404368860766176
636,6.36,-2.6669889557783506
637,6.37,-2.6909495616299526
638,6.38,-2.712555152479774
639,6.390000000000001,-2.732020801193274
640,6.4,-2.749538166767368
641,6.41,-2.7652745434845505
642,6.42,-2.779372950050002
643,6.43,-2.7919531660508405
644,6.44,-2.803113583571451
645,6.45,-2.8129337102570817
646,6.46,-2.8214771379528987
647,6.47,-2.8287947791500017
648,6.48,-2.8349281721736963
649,6.49,-2.8399126651103517
650,6.5,-2.8437803070947796
651,6.51,-2.8465623024783726
652,6.5200000000000005,-2.848290916857565
653,6.53,-2.849000761931389
654,6.54,-2.848729426444206
655,6.55,-2.847517460748731
656,6.5600000000000005,-2.8454077605460464
657,6.57,-2.842444429054858
658,6.58,-2.8386712244589325
659,6.59,-2.8341297195962656
660,6.6000000000000005,-2.8288573125653267
661,6.61,-2.8228852298186613
662,6.62,-2.8162366574999167
663,6.63,-2.80892512287173
664,6.640000000000001,-2.800953226756305
665,6.65,-2.792311801437734
666,6.66,-2.782979538225691
667,6.67,-2.772923096815505
668,6.68,-2.762097676734839
669,6.69,-2.750448001527828
670,6.7,-2.737909640712771
671,6.71,-2.7244105745047733
672,6.72,-2.7098728930020823
673,6.73,-2.6942145157449517
674,6.74,-2.6773508195465983
675,6.75,-2.6591960720582497
676,6.76,-2.639664584985483
677,6.7700000000000005,-2.618671523114017
678,6.78,-2.596133331865268
679,6.79,-2.5719677752520456
680,6.8,-2.5460936059474477
681,6.8100000000000005,-2.518429917773252
682,6.82,-2.488895256387274
683,6.83,-2.457406584617698
684,6.84,-2.4238782133603123
685,6.8500000000000005,-2.388220816201288
686,6.86,-2.350340645372417
687,6.87,-2.3101390581834336
688,6.88,-2.267512447091107
689,6.890000000000001,-2.2223526439090753
690,6.9,-2.1745478406099585
691,6.91,-2.1239840373454753
692,6.92,-2.070546994591081
693,6.93,-2.0141246327361624
694,6.94,-1.9546097910451654
695,6.95,-1.891903230672242
696,6.96,-1.8259167450763591
697,6.97,-1.7565762271933574
698,6.98,-1.6838245371111007
699,6.99,-1.6076240173282785
700,7.0,-1.5279585150122292
701,7.01,-1.4448347915419821
702,7.0200000000000005,-1.3582832280648292
703,7.03,-1.2683577703904307
704,7.04,-1.1751350955002322
705,7.05,-1.0787130231839612
706,7.0600000000000005,-0.9792082375835406
707,7.07,-0.8767534224374339
708,7.08,-0.7714939483682809
709,7.09,-0.6635842786439874
710,7.1000000000000005,-0.5531842797884344
711,7.11,-0.4404556339613076
712,7.12,-0.3255585503976559
713,7.13,-0.20864896316595016
714,7.140000000000001,-0.08987638239520573
715,7.15,0.03061746319209282
716,7.16,0.15269909175107352
717,7.17,0.27624278427449767
718,7.18,0.4011291405885112
719,7.19,0.5272427135136706
720,7.2,0.6544688069591869
721,7.21,0.7826895679798568
722,7.22,0.9117795414385529
723,7.23,1.041600886894315
724,7.24,1.1719984790766702
725,7.25,1.3027951246836682
726,7.26,1.4337871286582249
727,7.2700000000000005,1.5647404325206926
728,7.28,1.6953875262920368
729,7.29,1.8254253050895564
730,7.3,1.9545140031452122
731,7.3100000000000005,2.0822772937030396
732,7.32,2.208303595197901
733,7.33,2.332148574669551
734,7.34,2.4533387909286537
735,7.3500000000000005,2.571376374881951
736,7.36,2.685744604749639
737,7.37,2.7959142014592757
738,7.38,2.9013501456603117
739,7.390000000000001,3.001518803481767
740,7.4,3.0958951437504822
741,7.41,3.1839698347733827
742,7.42,3.2652560233343366
743,7.43,3.339295621175106
744,7.44,3.4056649534422365
745,7.45,3.463979657610782
746,7.46,3.513898758271581
747,7.47,3.5551278808423517
748,7.48,3.5874216037224644
749,7.49,3.610584981793929
750,7.5,3.6244743028638626
751,7.51,3.628997161367539
752,7.5200000000000005,3.6241119495249396
753,7.53,3.6098268747228683
754,7.54,3.5861986131842465
755,7.55,3.5533307044264997
756,7.5600000000000005,3.511371779439139
757,7.57,3.460513699097866
758,7.58,3.4009896595041957
759,7.59,3.3330722992799164
760,7.6000000000000005,3.2570718219966674
761,7.61,3.1733341264770902
762,7.62,3.08223892011424
763,7.63,2.984197776833702
764,7.640000000000001,2.8796520927735503
765,7.65,2.7690708897250835
766,7.66,2.6529484190148986
767,7.67,2.5318015265727447
768,7.68,2.4061667527989465
769,7.69,2.2765971575657975
770,7.7,2.1436588800348777
771,7.71,2.0079274635337265
772,7.72,1.8699839960009337
773,7.73,1.7304111349710287
774,7.74,1.5897891013229346
775,7.75,1.448691736844541
776,7.76,1.3076827261322015
777,7.7700000000000005,1.167312082846126
778,7.78,1.0281129936610807
779,7.79,0.890599100567371
780,7.8,0.7552622840666441
781,7.8100000000000005,0.6225709872128693
782,7.82,0.49296909462620925
783,7.83,0.36687535305067076
784,7.84,0.244683292380797
785,7.8500000000000005,0.12676158004425953
786,7.86,0.013454718839623105
787,7.87,-0.09491601972030352
788,7.88,-0.19805154658073063
789,7.890000000000001,-0.29567391604093685
790,7.9,-0.387525419369727
791,7.91,-0.47336792444186837
792,7.92,-0.5529825578860791
793,7.930000000000001,-0.626169803106635
794,7.94,-0.6927500592902601
795,7.95,-0.7525646746672839
796,7.96,-0.8054774336409235
797,7.97,-0.8513764438620212
798,7.98,-0.8901763378798376
799,7.99,-0.9218206765403146
800,8.0,-0.9462844195428779
801,8.01,-0.9635763139274426
802,8.02,-0.9737410447891355
803,8.03,-0.9768609948083583
804,8.040000000000001,-0.9730574703480619
805,8.05,-0.9624912715141454
806,8.06,-0.9453625108122821
807,8.07,-0.9219096185285716
808,8.08,-0.892407510992667
809,8.09,-0.8571649384388401
810,8.1,-0.8165210700676298
811,8.11,-0.770841412870336
812,8.120000000000001,-0.7205131956159975
813,8.13,-0.6659403781086864
814,8.14,-0.6075384666983802
815,8.15,-0.5457293287712395
816,8.16,-0.48093620073743526
817,8.17,-0.41357907559481644
818,8.18,-0.344070637752341
819,8.19,-0.27281288527823694
820,8.2,-0.2001945444388053
821,8.21,-0.12658934010657985
822,8.22,-0.05235514048814499
823,8.23,0.022166051959202904
824,8.24,0.09664733708440398
825,8.25,0.17077549673758874
826,8.26,0.24424906941742644
827,8.27,0.31677609994736117
828,8.28,0.3880717629963546
829,8.290000000000001,0.457856067334495
830,8.3,0.5258518445441612
831,8.31,0.5917832115111559
832,8.32,0.6553746710184967
833,8.33,0.7163509803542025
834,8.34,0.7744378757350542
835,8.35,0.8293636926803067
836,8.36,0.8808618716982103
837,8.370000000000001,0.9286742874165841
838,8.38,0.9725552902860932
839,8.39,1.0122763058043285
840,8.4,1.0476307992085487
841,8.41,1.0784393857614711
842,8.42,1.104554849635507
843,8.43,1.125866828962434
844,8.44,1.1423059312293338
845,8.45,1.153847061614159
846,8.46,1.1605117761996528
847,8.47,1.1623695108499914
848,8.48,1.159537582957269
849,8.49,1.1521799149530723
850,8.5,1.1405044828565454
851,8.51,1.1247595474879473
852,8.52,1.1052287776234861
853,8.53,1.0822254207665027
854,8.540000000000001,1.0560857161139283
855,8.55,1.0271617738624963
856,8.56,0.9958141638827585
857,8.57,0.9624044642125789
858,8.58,0.9272880156090015
859,8.59,0.8908071129758819
860,8.6,0.8532848388569272
861,8.61,0.8150197098660021
862,8.620000000000001,0.7762812658614285
863,8.63,0.7373066861169967
864,8.64,0.6982984691482184
865,8.65,0.6594231657213865
866,8.66,0.6208111103271365
867,8.67,0.5825570572492408
868,8.68,0.5447215951839883
869,8.69,0.5073331906196994
870,8.700000000000001,0.47039069582452925
871,8.71,0.433866152725266
872,8.72,0.3977077290456114
873,8.73,0.36184263712669856
874,8.74,0.32617990770243216
875,8.75,0.2906129189599101
876,8.76,0.25502161357545255
877,8.77,0.21927437097107177
878,8.78,0.18322953659722807
879,8.790000000000001,0.14673664247615642
880,8.8,0.10963738156819491
881,8.81,0.07176642106637526
882,8.82,0.0329521551744012
883,8.83,-0.006982494579281517
884,8.84,-0.0482191242590182
885,8.85,-0.0909426394340036
886,8.86,-0.13533971237896675
887,8.870000000000001,-0.18159684583335284
888,8.88,-0.2298980125330211
889,8.89,-0.28042187087086157
890,8.9,-0.33333858942535166
891,8.91,-0.3888063446906692
892,8.92,-0.4469675851694265
893,8.93,-0.5079451792371554
894,8.94,-0.5718385823161404
895,8.950000000000001,-0.6387201697279083
896,8.96,-0.7086318843819013
897,8.97,-0.7815823429298603
898,8.98,-0.8575445303870229
899,8.99,-0.9364541921837515
900,9.0,-1.0182090052898765
901,9.01,-1.102668577942016
902,9.02,-1.1896552923746773
903,9.03,-1.2789559687586924
904,9.040000000000001,-1.3703242932979467
905,9.05,-1.4634839210853379
906,9.06,-1.5581321366612373
907,9.07,-1.653943933770308
908,9.08,-1.750576361733556
909,9.09,-1.8476729798739477
910,9.1,-1.9448682638196257
911,9.11,-2.0417918180401546
912,9.120000000000001,-2.1380722669606644
913,9.13,-2.2333407213308716
914,9.14,-2.3272337457227628
915,9.15,-2.419395785339214
916,9.16,-2.5094810438099655
917,9.17,-2.5971548363455508
918,9.18,-2.682094472584577
919,9.19,-2.763989748945222
920,9.200000000000001,-2.8425431497904317
921,9.21,-2.9174698691104184
922,9.22,-2.988497769014122
923,9.23,-3.055367387869762
924,9.24,-3.1178320996920736
925,9.25,-3.1756585080576305
926,9.26,-3.228627133584987
927,9.27,-3.276533425349755
928,9.28,-3.3191890952978973
929,9.290000000000001,-3.3564237427257035
930,9.3,-3.388086705222287
931,9.31,-3.4140490450698655
932,9.32,-3.434205557744003
933,9.33,-3.4484766733465406
934,9.34,-3.4568101136653944
935,9.35,-3.4591821677785335
936,9.36,-3.455598457913878
937,9.370000000000001,-3.446094084356113
938,9.38,-3.430733062783981
939,9.39,-3.409606998311766
940,9.4,-3.3828329761016738
941,9.41,-3.350550686823322
942,9.42,-3.3129188443893662
943,9.43,-3.270110991147666
944,9.44,-3.222310819964456
945,9.450000000000001,-3.1697071714601686
946,9.46,-3.11248888640626
947,9.47,-3.0508397066730537
948,9.48,-2.984933422294116
949,9.49,-2.914929456831978
950,9.5,-2.8409690684571105
951,9.51,-2.7631723206561176
952,9.52,-2.681635945406701
953,9.53,-2.5964321845450677
954,9.540000000000001,-2.507608653779893
955,9.55,-2.4151892304713707
956,9.56,-2.319175923097327
957,9.57,-2.219551639460352
958,9.58,-2.116283734207263
959,9.59,-2.0093281859464605
960,9.6,-1.8986342316289655
961,9.61,-1.7841492719520968
962,9.620000000000001,-1.6658238569218495
963,9.63,-1.5436165654371876
964,9.64,-1.417498606398553
965,9.65,-1.2874579904795167
966,9.66,-1.1535031499990038
967,9.67,-1.0156659176124399
968,9.68,-0.8740038108775022
969,9.69,-0.7286016070806215
970,9.700000000000001,-0.5795722289506151
971,9.71,-0.42705699504911304
972,9.72,-0.27122531693481566
973,9.73,-0.1122739471763001
974,9.74,0.04957410315139871
975,9.75,0.214070852352976
976,9.76,0.3809447179815614
977,9.77,0.5499018549447505
978,9.78,0.7206273649125925
979,9.790000000000001,0.8927863028824363
980,9.8,1.0660244340151448
981,9.81,1.23996872383004
982,9.82,1.4142275756338847
983,9.83,1.5883908587342308
984,9.84,1.7620297977033779
985,9.85,1.9346968150590729
986,9.86,2.1059254358387767
987,9.870000000000001,2.275230371655205
988,9.88,2.442107903339923
989,9.89,2.606036675068045
990,9.9,2.766478999225851
991,9.91,2.922882750985594
992,9.92,3.0746839057280972
993,9.93,3.2213097425656385
994,9.94,3.3621827049602633
995,9.950000000000001,3.4967248766359154
996,9.96,3.624362999502699
997,9.97,3.7445339319230166
998,9.98,3.8566904219421554
999,9.99,3.9603070523936967
1000,10.0,4.054886204034577
1001,10.01,4.139963879621833
1002,10.02,4.2151152362325846
1003,10.03,4.279959684829932
1004,10.040000000000001,4.3341654343501155
1005,10.05,4.377453381317363
1006,10.06,4.409600273763776
1007,10.07,4.430441108404539
1008,10.08,4.439870750833851
1009,10.09,4.437844798189358
1010,10.1,4.424379730596374
1011,10.11,4.399552420253116
1012,10.120000000000001,4.363499084037973
1013,10.13,4.316413776145047
1014,10.14,4.258546521022502
1015,10.15,4.190201183766861
1016,10.16,4.111733165513854
1017,10.17,4.023546996067586
1018,10.18,3.9260938761874984
1019,10.19,3.8198691990570666
1020,10.200000000000001,3.7054100561390295
1021,10.21,3.583292708628037
1022,10.22,3.454129983784163
1023,10.23,3.3185685371964078
1024,10.24,3.1772859088951524
1025,10.25,3.030987294313431
1026,10.26,2.880401951119601
1027,10.27,2.726279170214536
1028,10.28,2.5693837535591095
1029,10.290000000000001,2.4104909623791193
1030,10.3,2.250380925669419
1031,10.31,2.089832529403597
1032,10.32,1.9296168397742963
1033,10.33,1.770490147266224
1034,10.34,1.6131867504301347
1035,10.35,1.4584116269313494
1036,10.36,1.3068331629729215
1037,10.370000000000001,1.159076128962349
1038,10.38,1.0157150980563803
1039,10.39,0.8772685041449536
1040,10.4,0.7441935265510575
1041,10.41,0.61688197034857
1042,10.42,0.4956572843487105
1043,10.43,0.38077282455763006
1044,10.44,0.2724114307564173
1045,10.450000000000001,0.17068633963023885
1046,10.46,0.0756434116461642
1047,10.47,-0.012735397149790037
1048,10.48,-0.09452743086313807
1049,10.49,-0.16986374855494607
1050,10.5,-0.2389227423610176
1051,10.51,-0.30192316789756746
1052,10.52,-0.359116811533837
1053,10.53,-0.4107810249165428
1054,10.540000000000001,-0.4572113529532021
1055,10.55,-0.49871446763934824
1056,10.56,-0.5356015974819965
1057,10.57,-0.5681826121107716
1058,10.58,-0.5967608856378064
1059,10.59,-0.6216290223713125
1060,10.6,-0.6430654867254084
1061,10.61,-0.6613321377795226
1062,10.620000000000001,-0.6766726300428155
1063,10.63,-0.6893116075141246
1064,10.64,-0.6994545897553359
1065,10.65,-0.7072884277037842
1066,10.66,-0.7129821941863627
1067,10.67,-0.716688369932289
1068,10.68,-0.7185441901842018
1069,10.69,-0.718673029167112
1070,10.700000000000001,-0.7171857186378763
1071,10.71,-0.7141817210743671
1072,10.72,-0.7097501060538449
1073,10.73,-0.7039703081084727
1074,10.74,-0.6969126738536586
1075,10.75,-0.6886388335270958
1076,10.76,-0.679201955475986
1077,10.77,-0.668646960071988
1078,10.78,-0.6570107808537745
1079,10.790000000000001,-0.6443227646501568
1080,10.8,-0.6306052987393335
1081,10.81,-0.6158747419469859
1082,10.82,-0.6001427186398038
1083,10.83,-0.5834178109213888
1084,10.84,-0.5657076564382634
1085,10.85,-0.5470214287872369
1086,10.86,-0.5273726464907671
1087,10.870000000000001,-0.5067822268478229
1088,10.88,-0.4852816745954051
1089,10.89,-0.4629162739860647
1090,10.9,-0.43974813808437024
1091,10.91,-0.4158589619354418
1092,10.92,-0.3913523274576642
1093,10.93,-0.3663554176821689
1094,10.94,-0.3410200160356322
1095,10.950000000000001,-0.3155226919918851
1096,10.96,-0.2900641064114471
1097,10.97,-0.26486740667755604
1098,10.98,-0.2401757214610827
1099,10.99,-0.2162488055531703
1100,11.0,-0.19335892456545178
1101,11.01,-0.1717861053275169
1102,11.02,-0.15181290858290641
1103,11.03,-0.13371890443833073
1104,11.040000000000001,-0.11777504665597757
1105,11.05,-0.10423814842913554
1106,11.06,-0.09334565936244633
1107,11.07,-0.08531093110977311
1108,11.08,-0.0803191381225649
1109,11.09,-0.07852399131109518
1110,11.1,-0.08004534760485925
1111,11.11,-0.08496777922240707
1112,11.120000000000001,-0.09334012495094894
1113,11.13,-0.10517600402603365
1114,11.14,-0.12045523341476355
1115,11.15,-0.13912605343822118
1116,11.16,-0.16110803647864233
1117,11.17,-0.1862955304305315
1118,11.18,-0.21456147358949054
1119,11.19,-0.24576141138374347
1120,11.200000000000001,-0.2797375478091167
1121,11.21,-0.3163226752107351
1122,11.22,-0.3553438442895748
1123,11.23,-0.3966256606241017
1124,11.24,-0.4399931229883002
1125,11.25,-0.48527395049260874
1126,11.26,-0.5323003781304203
1127,11.27,-0.5809104317332591
1128,11.28,-0.630948721786436
1129,11.290000000000001,-0.6822668194154913
1130,11.3,-0.7347232958147312
1131,11.31,-0.788183517531549
1132,11.32,-0.8425192938603814
1133,11.33,-0.897608469117916
1134,11.34,-0.9533345422077113
1135,11.35,-1.0095863795108015
1136,11.36,-1.0662580660090666
1137,11.370000000000001,-1.1232489152095024
1138,11.38,-1.1804636326431361
1139,11.39,-1.2378126023114528
1140,11.4,-1.2952122422774264
1141,11.41,-1.3525853563483892
1142,11.42,-1.4098613949383383
1143,11.43,-1.4669765308636167
1144,11.44,-1.5238734557522742
1145,11.450000000000001,-1.5805008102166134
1146,11.46,-1.6368121757589453
1147,11.47,-1.6927645778915776
1148,11.48,-1.7483164770560191
1149,11.49,-1.8034252551483072
1150,11.5,-1.8580442390265732
1151,11.51,-1.9121193363271927
1152,11.52,-1.965585391198275
1153,11.53,-2.018362396161316
1154,11.540000000000001,-2.0703517193753562
1155,11.55,-2.12143252251062
1156,11.56,-2.171458552009687
1157,11.57,-2.2202554849330727
1158,11.58,-2.267618999553906
1159,11.59,-2.313313720602904
1160,11.6,-2.3570731603037323
1161,11.61,-2.398600740295797
1162,11.620000000000001,-2.437571937853693
1163,11.63,-2.473637554453776
1164,11.64,-2.506428057915973
1165,11.65,-2.535558903384168
1166,11.66,-2.5606366956127333
1167,11.67,-2.581266017573997
1168,11.68,-2.597056720210829
1169,11.69,-2.6076314467873325
1170,11.700000000000001,-2.6126331538489707
1171,11.71,-2.611732389891639
1172,11.72,-2.6046341025140967
1173,11.73,-2.5910837645983498
1174,11.74,-2.5708726389148056
1175,11.75,-2.5438420370020745
1176,11.76,-2.5098864703570465
1177,11.77,-2.4689556377350943
1178,11.78,-2.4210552393807516
1179,11.790000000000001,-2.36624665492098
1180,11.8,-2.3046455641780725
1181,11.81,-2.236419627227721
1182,11.82,-2.161785369891469
1183,11.83,-2.0810044421758653
1184,11.84,-1.9943794291008194
1185,11.85,-1.9022493955691946
1186,11.86,-1.8049853396288882
1187,11.870000000000001,-1.7029857123979084
1188,11.88,-1.5966721392666106
1189,11.89,-1.4864854473641422
1190,11.9,-1.3728820705890383
1191,11.91,-1.2563308678613652
1192,11.92,-1.1373103548324515
1193,11.93,-1.0163063162110408
1194,11.94,-0.8938097370799585
1195,11.950000000000001,-0.7703149687475213
1196,11.96,-0.6463180290862094
1197,11.97,-0.5223149297900719
1198,11.98,-0.3987999238689956
1199,11.99,-0.27626357581756844
1200,12.0,-0.15519057357619942
1201,12.01,-0.036057224514128655
1202,12.02,0.08067139430693562
1203,12.030000000000001,0.19454463019421186
1204,12.040000000000001,0.30512975957170874
1205,12.05,0.4120157384900718
1206,12.06,0.5148171056587405
1207,12.07,0.6131779212557469
1208,12.08,0.7067756076322093
1209,12.09,0.7953245484384608
1210,12.1,0.8785793013919366
1211,12.11,0.9563372871279324
1212,12.120000000000001,1.0284408320601597
1213,12.13,1.0947784661724842
1214,12.14,1.1552854059580833
1215,12.15,1.2099431867270483
1216,12.16,1.2587784453354405
1217,12.17,1.3018608919825407
1218,12.18,1.3393005459487306
1219,12.19,1.371244342934499
1220,12.200000000000001,1.3978722491217914
1221,12.21,1.4193930376138808
1222,12.22,1.4360398953054878
1223,12.23,1.4480660317351277
1224,12.24,1.4557404558241622
1225,12.25,1.4593440718805868
1226,12.26,1.459166223617404
1227,12.27,1.4555017854494023
1228,12.280000000000001,1.44864886562999
1229,12.290000000000001,1.4389071478187978
1230,12.3,1.4265768585743952
1231,12.31,1.4119583102622166
1232,12.32,1.3953519341211305
1233,12.33,1.3770586887326168
1234,12.34,1.357380706583715
1235,12.35,1.3366220271198062
1236,12.36,1.3150892594927583
1237,12.370000000000001,1.2930920224557896
1238,12.38,1.270943022335395
1239,12.39,1.2489576519933734
1240,12.4,1.2274530229628633
1241,12.41,1.2067463778666356
1242,12.42,1.1871528688415662
1243,12.43,1.168982727820636
1244,12.44,1.1525378938890185
1245,12.450000000000001,1.1381081992939739
1246,12.46,1.1259672469705775
1247,12.47,1.116368136846987
1248,12.48,1.109539214295701
1249,12.49,1.1056800209451798
1250,12.5,1.1049576252204756
1251,12.51,1.1075034975461255
1252,12.52,1.1134110737607976
1253,12.530000000000001,1.1227341211040613
1254,12.540000000000001,1.1354859857215465
1255,12.55,1.1516397609241262
1256,12.56,1.1711293735974957
1257,12.57,1.1938515444748061
1258,12.58,1.2196685387286705
1259,12.59,1.248411588640245
1260,12.6,1.2798848418310884
1261,12.61,1.313869668199615
1262,12.620000000000001,1.3501291473380344
1263,12.63,1.388412556357043
1264,12.64,1.4284596857134093
1265,12.65,1.470004827280706
1266,12.66,1.5127803034799365
1267,12.67,1.5565194373036264
1268,12.68,1.6009588986747436
1269,12.69,1.6458404006798517
1270,12.700000000000001,1.6909117575742678
1271,12.71,1.73592735284541
1272,12.72,1.7806480979377228
1273,12.73,1.8248409886380537
1274,12.74,1.8682783851016818
1275,12.75,1.910737152018765
1276,12.76,1.9519977969369682
1277,12.77,1.9918437372643427
1278,12.780000000000001,2.030060810511234
1279,12.790000000000001,2.066437118932882
1280,12.8,2.100763270394653
1281,12.81,2.1328330438497796
1282,12.82,2.16244447239868
1283,12.83,2.1894013017233256
1284,12.84,2.213514748993265
1285,12.85,2.234605459222743
1286,12.86,2.2525055343651057
1287,12.870000000000001,2.2670604966376953
1288,12.88,2.2781310426967334
1289,12.89,2.285594449824191
1290,12.9,2.2893455091884847
1291,12.91,2.289296883879941
1292,12.92,2.285378819653241
1293,12.93,2.2775381725160675
1294,12.94,2.2657367574882117
1295,12.950000000000001,2.24994906474911
1296,12.96,2.230159430580493
1297,12.97,2.206358788571822
1298,12.98,2.178541159196166
1299,12.99,2.1467000610502374
1300,13.0,2.1108250431305833
1301,13.01,2.070898543311249
1302,13.02,2.0268932730678304
1303,13.030000000000001,1.9787703124206704
1304,13.040000000000001,1.9264780726074304
1305,13.05,1.869952248279624
1306,13.06,1.8091168377056916
1307,13.07,1.7438862606456167
1308,13.08,1.674168551654767
1309,13.09,1.5998695541891848
1310,13.1,1.5208979906897855
1311,13.11,1.437171238400704
1312,13.120000000000001,1.348621602383723
1313,13.13,1.2552028480295216
1314,13.14,1.156896736879639
1315,13.15,1.0537193027579634
1316,13.16,0.9457266104667592
1317,13.17,0.833019756409286
1318,13.18,0.7157488986317462
1319,13.19,0.5941161415422429
1320,13.200000000000001,0.4683771460882114
1321,13.21,0.33884138719634144
1322,13.22,0.2058710342780107
1323,13.23,0.06987848492944265
1324,13.24,-0.06867736602466229
1325,13.25,-0.2092959927618151
1326,13.26,-0.3514410703307241
1327,13.27,-0.49454707104374
1328,13.280000000000001,-0.6380264028792727
1329,13.290000000000001,-0.7812768568155313
1330,13.3,-0.9236891304539399
1331,13.31,-1.0646542063153555
1332,13.32,-1.2035703838399323
1333,13.33,-1.3398497929405155
1334,13.34,-1.4729242521007453
1335,13.35,-1.6022503733370008
1336,13.36,-1.7273138575607887
1337,13.370000000000001,-1.8476329646592788
1338,13.38,-1.9627611807337728
1339,13.39,-2.072289138404433
1340,13.4,-2.1758458732471397
1341,13.41,-2.2730995190437406
1342,13.42,-2.3637575558571453
1343,13.43,-2.4475667277668745
1344,13.44,-2.524312741721537
1345,13.450000000000001,-2.5938198461807978
1346,13.46,-2.655950369266957
1347,13.47,-2.710604272616652
1348,13.48,-2.757718750859669
1349,13.49,-2.7972678796323494
1350,13.5,-2.8292622892458734
1351,13.51,-2.8537488184496134
1352,13.52,-2.8708100848015903
1353,13.530000000000001,-2.880563896295116
1354,13.540000000000001,-2.883162423993641
1355,13.55,-2.8787910579266662
1356,13.56,-2.867666878334847
1357,13.57,-2.8500366909663057
1358,13.58,-2.826174597503529
1359,13.59,-2.796379098928335
1360,13.6,-2.7609697589867284
1361,13.61,-2.7202834849647948
1362,13.620000000000001,-2.6746705117126535
1363,13.63,-2.624490200273641
1364,13.64,-2.5701067827698547
1365,13.65,-2.5118851988170317
1366,13.66,-2.450187174522049
1367,13.67,-2.385367692338508
1368,13.68,-2.3177719885090693
1369,13.69,-2.247733194824281
1370,13.700000000000001,-2.175570713812556
1371,13.71,-2.1015893825598684
1372,13.72,-2.0260794418669095
1373,13.73,-1.9493172864294561
1374,13.74,-1.8715669304219318
1375,13.75,-1.7930820835992947
1376,13.76,-1.7141086980767364
1377,13.77,-1.6348878173809498
1378,13.780000000000001,-1.5556585389610424
1379,13.790000000000001,-1.4766608904544607
1380,13.8,-1.398138419475726
1381,13.81,-1.3203403068273287
1382,13.82,-1.2435228335339406
1383,13.83,-1.1679500621076038
1384,13.84,-1.0938936305609972
1385,13.85,-1.0216316020300211
1386,13.86,-0.9514463612086371
1387,13.870000000000001,-0.8836215986509164
1388,13.88,-0.8184384727540792
1389,13.89,-0.7561710843239132
1390,13.9,-0.6970814376293046
1391,13.91,-0.6414140926644271
1392,13.92,-0.5893907342622277
1393,13.93,-0.5412048935603948
1394,13.94,-0.49701705551102693
1395,13.950000000000001,-0.4569503726634365
1396,13.96,-0.42108718097016673
1397,13.97,-0.38946647908952414
1398,13.98,-0.3620824903259364
1399,13.99,-0.33888437813290395
1400,14.0,-0.3197771344848478
1401,14.01,-0.30462360806375066
1402,14.02,-0.29324758879776497
1403,14.030000000000001,-0.285437819413216
1404,14.040000000000001,-0.28095276564792526
1405,14.05,-0.2795259465744208
1406,14.06,-0.28087160656617055
1407,14.07,-0.28469050171846677
1408,14.08,-0.2906755763116786
1409,14.09,-0.29851731886236615
1410,14.1,-0.30790861153339855
1411,14.11,-0.31854891970989035
1412,14.120000000000001,-0.33014770847632546
1413,14.13,-0.34242701728393865
1414,14.14,-0.3551231707867853
1415,14.15,-0.3679876500777913
1416,14.16,-0.3807871918618318
1417,14.17,-0.39330322115092
1418,14.18,-0.405330753873813
1419,14.19,-0.4166769278103881
1420,14.200000000000001,-0.4271593324589461
1421,14.21,-0.43660431036083147
1422,14.22,-0.44484539416967606
1423,14.23,-0.4517220260662042
1424,14.24,-0.45707868021730796
1425,14.25,-0.46076447654644515
1426,14.26,-0.46263333715914823
1427,14.27,-0.4625446976206843
1428,14.280000000000001,-0.4603647462777561
1429,14.290000000000001,-0.4559681282764113
1430,14.3,-0.4492400190020328
1431,14.31,-0.44007844620280684
1432,14.32,-0.42839672249880995
1433,14.33,-0.41412584128174823
1434,14.34,-0.3972166895937477
1435,14.35,-0.3776419412959706
1436,14.36,-0.3553975120105356
1437,14.370000000000001,-0.3305034827502251
1438,14.38,-0.3030044302181441
1439,14.39,-0.27296913651102916
1440,14.4,-0.24048968722944458
1441,14.41,-0.20568000253627947
1442,14.42,-0.1686738783144546
1443,14.43,-0.12962264224101666
1444,14.44,-0.08869255060741238
1445,14.450000000000001,-0.04606206477041891
1446,14.46,-0.0019191503957772804
1447,14.47,0.04354126212741816
1448,14.48,0.09011953130037742
1449,14.49,0.13761316891768022
1450,14.5,0.18581824027007454
1451,14.51,0.23453025837727054
1452,14.52,0.28354456664097355
1453,14.530000000000001,0.33265624118207415
1454,14.540000000000001,0.38165957942337286
1455,14.55,0.4303472729838493
1456,14.56,0.4785093886515571
1457,14.57,0.5259322994170053
1458,14.58,0.5723977170254397
1459,14.59,0.6176819775023439
1460,14.6,0.661555721437832
1461,14.61,0.7037840918738314
1462,14.620000000000001,0.7441275453726846
1463,14.63,0.782343337715466
1464,14.64,0.8181877065698173
1465,14.65,0.8514187315906414
1466,14.66,0.8817998101802532
1467,14.67,0.909103647004956
1468,14.68,0.9331166197267492
1469,14.69,0.9536433544235732
1470,14.700000000000001,0.970511323650714
1471,14.71,0.983575269391911
1472,14.72,0.9927212530713863
1473,14.73,0.9978701455616956
1474,14.74,0.9989803913267474
1475,14.75,0.9960499114850049
1476,14.76,0.9891170491162913
1477,14.77,0.9782605045511825
1478,14.780000000000001,0.963598256301142
1479,14.790000000000001,0.9452855121094994
1480,14.8,0.9235117816446106
1481,14.81,0.8984972050013014
1482,14.82,0.8704883070252079
1483,14.83,0.8397533744798871
1484,14.84,0.8065776696626108
1485,14.85,0.7712586992292412
1486,14.86,0.734101750324472
1487,14.870000000000001,0.6954158878958003
1488,14.88,0.6555105782055842
1489,14.89,0.6146930655498322
1490,14.9,0.5732665840673897
1491,14.91,0.5315294367101664
1492,14.92,0.48977492165229997
1493,14.93,0.44829203548043534
1494,14.94,0.4073668352377227
1495,14.950000000000001,0.3672843004166755
1496,14.96,0.3283305036075776
1497,14.97,0.2907948765491475
1498,14.98,0.25497234807554947
1499,14.99,0.22116513255403042
1500,15.0,0.1896839618351714
1501,15.01,0.16084857979591727
1502,15.02,0.1349873549124302
1503,15.030000000000001,0.11243591106039558
1504,15.040000000000001,0.09353472754967529
1505,15.05,0.07862571357184384
1506,15.06,0.06804781690220885
1507,15.07,0.062131778954492234
1508,15.08,0.06119419536963827
1509,15.09,0.06553108074626618
1510,15.1,0.07541116582275731
1511,15.11,0.09106917386364727
1512,15.120000000000001,0.11269932926153403
1513,15.13,0.14044934517619764
1514,15.14,0.174415118802674
1515,15.15,0.21463633364274454
1516,15.16,0.2610931295865631
1517,15.17,0.31370395581935573
1518,15.18,0.37232467104734085
1519,15.19,0.43674890300994684
1520,15.200000000000001,0.5067096275094771
1521,15.21,0.5818818789604937
1522,15.22,0.6618864622229086
1523,15.23,0.746294501349632
1524,15.24,0.8346326364819368
1525,15.25,0.9263886665227119
1526,15.26,1.0210174328436332
1527,15.27,1.1179467479278138
1528,15.280000000000001,1.2165831916809786
1529,15.290000000000001,1.3163176257575486
1530,15.3,1.41653031075505
1531,15.31,1.516595550273022
1532,15.32,1.6158858271169936
1533,15.33,1.7137754377719598
1534,15.34,1.8096436691536595
1535,15.35,1.9028775942608405
1536,15.36,1.9928745887331436
1537,15.370000000000001,2.0790446869607115
1538,15.38,2.160812903331968
1539,15.39,2.23762164108281
1540,15.4,2.3089332982807123
1541,15.41,2.3742331585993712
1542,15.42,2.4330326251223875
1543,15.43,2.4848728203323893
1544,15.44,2.5293285369240195
1545,15.450000000000001,2.5660124845764534
1546,15.46,2.5945797398619797
1547,15.47,2.614732272507142
1548,15.48,2.6262233934988912
1549,15.49,2.6288619509251974
1550,15.5,2.622516089377481
1551,15.51,2.607116389090156
1552,15.52,2.582658212013872
1553,15.530000000000001,2.5492031033528297
1554,15.540000000000001,2.5068791277744693
1555,15.55,2.455880057998443
1556,15.56,2.396463377798174
1557,15.57,2.32894710925131
1558,15.58,2.2537055227807277
1559,15.59,2.1711638354834824
1560,15.6,2.0817920458750994
1561,15.610000000000001,1.9860980891275135
1562,15.620000000000001,1.8846205241570724
1563,15.63,1.7779209810052863
1564,15.64,1.6665766028939473
1565,15.65,1.5511727117925973
1566,15.66,1.4322959096159498
1567,15.67,1.3105278002029168
1568,15.68,1.1864394815226895
1569,15.69,1.0605869151005423
1570,15.700000000000001,0.9335072328269176
1571,15.71,0.8057159927185118
1572,15.72,0.6777053475427048
1573,15.73,0.5499430461366709
1574,15.74,0.4228721491766179
1575,15.75,0.2969113111538003
1576,15.76,0.17245545999366402
1577,15.77,0.04987669614935181
1578,15.780000000000001,-0.07047476547588932
1579,15.790000000000001,-0.18826977500598713
1580,15.8,-0.3031996902555037
1581,15.81,-0.41497619335092806
1582,15.82,-0.5233315544452355
1583,15.83,-0.6280193737415102
1584,15.84,-0.7288157894259188
1585,15.85,-0.8255210964860791
1586,15.860000000000001,-0.9179616823870542
1587,15.870000000000001,-1.0059921526111613
1588,15.88,-1.0894974942025741
1589,15.89,-1.168395110280065
1590,15.9,-1.2426365540063378
1591,15.91,-1.3122087971121068
1592,15.92,-1.377134885489999
1593,15.93,-1.4374738616738414
1594,15.94,-1.4933198696832757
1595,15.950000000000001,-1.5448003997114796
1596,15.96,-1.592073676039318
1597,15.97,-1.6353252386906956
1598,15.98,-1.6747638149178954
1599,15.99,-1.710616617899427
1600,16.0,-1.7431242445432658
1601,16.01,-1.7725353698793447
1602,16.02,-1.799101450555887
1603,16.03,-1.823071653378209
1604,16.04,-1.844688216260344
1605,16.05,-1.8641824287032167
1606,16.06,-1.8817713879503615
1607,16.07,-1.8976556469142845
1608,16.080000000000002,-1.912017822966271
1609,16.09,-1.9250221853161218
1610,16.1,-1.9368151858325768
1611,16.11,-1.9475268467457831
1612,16.12,-1.9572728716566161
1613,16.13,-1.9661573063634876
1614,16.14,-1.9742755455421308
1615,16.15,-1.981717462104878
1616,16.16,-1.988570429332768
1617,16.17,-1.9949220121342253
1618,16.18,-2.0008621228287327
1619,16.19,-2.006484467751895
1620,16.2,-2.01188715212355
1621,16.21,-2.0171723598166555
1622,16.22,-2.0224450792438757
1623,16.23,-2.027810903548026
1624,16.240000000000002,-2.033372989489155
1625,16.25,-2.039228311728082
1626,16.26,-2.0454633946682192
1627,16.27,-2.0521497400465165
1628,16.28,-2.0593391929766267
1629,16.29,-2.0670595006826136
1630,16.3,-2.075310315968119
1631,16.31,-2.084059881546242
1632,16.32,-2.093242602469711
1633,16.330000000000002,-2.1027576735285405
1634,16.34,-2.1124688787424786
1635,16.35,-2.122205623611882
1636,16.36,-2.131765200627056
1637,16.37,-2.1409162279089204
1638,16.38,-2.149403143034266
1639,16.39,-2.1569515822099996
1640,16.4,-2.1632744318054185
1641,16.41,-2.168078307155203
1642,16.42,-2.1710701942276707
1643,16.43,-2.1719639842291953
1644,16.44,-2.1704866397439813
1645,16.45,-2.166383753071746
1646,16.46,-2.159424291763087
1647,16.47,-2.149404371027381
1648,16.48,-2.1361499451994375
1649,16.490000000000002,-2.1195183678711906
1650,16.5,-2.0993988294339556
1651,16.51,-2.0757117383625876
1652,16.52,-2.048407165432529
1653,16.53,-2.0174625152990515
1654,16.54,-1.982879625029317
1655,16.55,-1.9446815123827905
1656,16.56,-1.9029090066856758
1657,16.57,-1.8576174915887065
1658,16.580000000000002,-1.8088739721541025
1659,16.59,-1.756754649656648
1660,16.6,-1.7013431479649725
1661,16.61,-1.6427294877389405
1662,16.62,-1.5810098517385558
1663,16.63,-1.5162871293838789
1664,16.64,-1.448672174547249
1665,16.65,-1.3782856605469378
1666,16.66,-1.305260373350398
1667,16.67,-1.2297437505821827
1668,16.68,-1.1519004520136678
1669,16.69,-1.0719147380761427
1670,16.7,-0.9899924371408452
1671,16.71,-0.9063622996408767
1672,16.72,-0.8212765666123828
1673,16.73,-0.7350106202518987
1674,16.740000000000002,-0.6478616323696414
1675,16.75,-0.5601461804390048
1676,16.76,-0.4721968572595865
1677,16.77,-0.3843579558810556
1678,16.78,-0.29698036323399635
1679,16.79,-0.2104158409552687
1680,16.8,-0.12501090763834227
1681,16.81,-0.04110056117095884
1682,16.82,0.04099790842579745
1683,16.830000000000002,0.12099076682078547
1684,16.84,0.19861310982273578
1685,16.85,0.2736333575891574
1686,16.86,0.34585679970834504
1687,16.87,0.4151280689024023
1688,16.88,0.48133247373979426
1689,16.89,0.5443961764175741
1690,16.9,0.6042852572406726
1691,16.91,0.6610037597740879
1692,16.92,0.714590856858698
1693,16.93,0.7651173152151338
1694,16.94,0.8126814631778208
1695,16.95,0.8574048807977181
1696,16.96,0.8994280334308333
1697,16.97,0.9389060590422669
1698,16.98,0.9760048965973144
1699,16.990000000000002,1.0108979095736639
1700,17.0,1.0437631169114856
1701,17.01,1.0747810962063185
1702,17.02,1.1041335735617552
1703,17.03,1.132002664336888
1704,17.04,1.1585706821114887
1705,17.05,1.1840203924168784
1706,17.06,1.2085355556432926
1707,17.07,1.2323015820227097
1708,17.080000000000002,1.2555061120550983
1709,17.09,1.2783393388382112
1710,17.1,1.300993904364824
1711,17.11,1.3236642291049934
1712,17.12,1.3465451715293815
1713,17.13,1.3698299594729608
1714,17.14,1.3937073857157691
1715,17.150000000000002,1.4183583128610848
1716,17.16,1.4439515843502613
1717,17.17,1.47063948611742
1718,17.18,1.4985529440110175
1719,17.19,1.5277966731258548
1720,17.2,1.558444514561899
1721,17.21,1.5905352014716074
1722,17.22,1.6240687889302843
1723,17.23,1.6590039613015717
1724,17.240000000000002,1.6952563972903627
1725,17.25,1.732698328431169
1726,17.26,1.7711593736500035
1727,17.27,1.8104286735810713
1728,17.28,1.8502582866976742
1729,17.29,1.8903677483962766
1730,17.3,1.9304496373142146
1731,17.31,1.970175943529778
1732,17.32,2.0092049936752403
1733,17.330000000000002,2.047188660638984
1734,17.34,2.0837795720240817
1735,17.35,2.1186380326886955
1736,17.36,2.1514383925285823
1737,17.37,2.1818746203679757
1738,17.38,2.2096648868231887
1739,17.39,2.234555011025996
1740,17.400000000000002,2.256320685312163
1741,17.41,2.274768455159767
1742,17.42,2.289735495344666
1743,17.43,2.3010882839792615
1744,17.44,2.3087203304958606
1745,17.45,2.3125491587624
1746,17.46,2.312512779933674
1747,17.47,2.308565909564173
1748,17.48,2.3006761889202725
1749,17.490000000000002,2.288820661130707
1750,17.5,2.2729827294379126
1751,17.51,2.2531497887867067
1752,17.52,2.22931167545322
1753,17.53,2.2014600251094683
1754,17.54,2.1695885708067295
1755,17.55,2.1336943522666774
1756,17.56,2.0937797500740665
1757,17.57,2.0498552062071536
1758,17.580000000000002,2.001942448827275
1759,17.59,1.9500780068751082
1760,17.6,1.8943167806359935
1761,17.61,1.8347354291301419
1762,17.62,1.7714353442250133
1763,17.63,1.7045450041889647
1764,17.64,1.6342215346350542
1765,17.650000000000002,1.5606513503434938
1766,17.66,1.4840498045972985
1767,17.67,1.4046598302663158
1768,17.68,1.3227496155119849
1769,17.69,1.2386094131735097
1770,17.7,1.152547633286263
1771,17.71,1.0648864097575828
1772,17.72,0.9759568624759898
1773,17.73,0.8860942932074871
1774,17.740000000000002,0.7956335564571139
1775,17.75,0.7049048348015812
1776,17.76,0.614230022641384
1777,17.77,0.5239198843141856
1778,17.78,0.434272104237149
1779,17.79,0.3455702910085362
1780,17.8,0.2580839374660768
1781,17.81,0.17206927811469674
1782,17.82,0.08777092771382922
1783,17.830000000000002,0.005424133629894579
1784,17.84,-0.0747425670549452
1785,17.85,-0.15250452412713467
1786,17.86,-0.22763823831560615
1787,17.87,-0.2999189667886005
1788,17.88,-0.369118908691909
1789,17.89,-0.4350061792362533
1790,17.900000000000002,-0.4973447374595722
1791,17.91,-0.5558953784513061
1792,17.92,-0.6104178385089276
1793,17.93,-0.660673994880723
1794,17.94,-0.7064320742167811
1795,17.95,-0.7474717194780534
1796,17.96,-0.7835897075867979
1797,17.97,-0.8146060629424505
1798,17.98,-0.8403702779335476
1799,17.990000000000002,-0.8607673328972854
1800,18.0,-0.8757232059215514
1801,18.01,-0.8852095778355022
1802,18.02,-0.889247469125604
1803,18.03,-0.8879095918457018
1804,18.04,-0.8813212585083641
1805,18.05,-0.8696597583668099
1806,18.06,-0.8531521857756723
1807,18.07,-0.832071781445731
1808,18.080000000000002,-0.8067329212331532
1809,18.09,-0.7774849545697415
1810,18.1,-0.7447051520087532
1811,18.11,-0.7087910654237931
1812,18.12,-0.6701526326634532
1813,18.13,-0.6292043692976276
1814,18.14,-0.5863579828140904
1815,18.150000000000002,-0.5420157195562453
1816,18.16,-0.49656471314183226
1817,18.17,-0.45037254729356374
1818,18.18,-0.40378417897097524
1819,18.19,-0.3571202930768469
1820,18.2,-0.31067708191213256
1821,18.21,-0.2647273652665819
1822,18.22,-0.2195228948202908
1823,18.23,-0.17529762338403448
1824,18.240000000000002,-0.13227166891677616
1825,18.25,-0.09065566802717402
1826,18.26,-0.05065519574015534
1827,18.27,-0.012474928674172187
1828,18.28,0.02367775260670854
1829,18.29,0.05758999048668337
1830,18.3,0.08904172386868361
1831,18.31,0.1178051625602062
1832,18.32,0.1436455445856211
1833,18.330000000000002,0.1663231818311782
1834,18.34,0.18559672237074704
1835,18.35,0.20122748475468571
1836,18.36,0.2129846545944266
1837,18.37,0.22065108060876343
1838,18.38,0.22402936891890557
1839,18.39,0.22294795295876677
1840,18.400000000000002,0.2172668131182996
1841,18.41,0.20688253534772585
1842,18.42,0.191732430567633
1843,18.43,0.1717974850115906
1844,18.44,0.147103972844074
1845,18.45,0.11772363308395592
1846,18.46,0.0837723890221686
1847,18.47,0.045407665640950085
1848,18.48,0.0028244346456383074
1849,18.490000000000002,-0.043749816583371404
1850,18.5,-0.09406094028979192
1851,18.51,-0.14783451484777252
1852,18.52,-0.20478244483451508
1853,18.53,-0.26460945041174766
1854,18.54,-0.3270191334547865
1855,18.55,-0.39171933715974006
1856,18.56,-0.45842656102000184
1857,18.57,-0.5268692514539957
1858,18.580000000000002,-0.5967898565870277
1859,18.59,-0.6679456077739778
1860,18.6,-0.7401080660896191
1861,18.61,-0.8130615448107998
1862,18.62,-0.8866005846321974
1863,18.63,-0.9605267131640542
1864,18.64,-1.0346447609542633
1865,18.650000000000002,-1.1087590304722785
1866,18.66,-1.1826696207587437
1867,18.67,-1.2561691983950598
1868,18.68,-1.3290404757622667
1869,18.69,-1.4010546119527698
1870,18.7,-1.4719706928237155
1871,18.71,-1.5415363779775195
1872,18.72,-1.6094897279559528
1873,18.73,-1.675562149033091
1874,18.740000000000002,-1.7394823201913099
1875,18.75,-1.800980901512283
1876,18.76,-1.859795769254545
1877,18.77,-1.915677483625478
1878,18.78,-1.968394673159796
1879,18.79,-2.0177390161767867
1880,18.8,-2.063529515416416
1881,18.81,-2.1056157959530166
1882,18.82,-2.14388020708136
1883,18.830000000000002,-2.1782385733071536
1884,18.84,-2.2086395142651245
1885,18.85,-2.235062334114143
1886,18.86,-2.257513563109018
1887,18.87,-2.2760223128803685
1888,18.88,-2.290634677867266
1889,18.89,-2.3014074741487796
1890,18.900000000000002,-2.308401650069743
1891,18.91,-2.3116757278733164
1892,18.92,-2.311279640381903
1893,18.93,-2.3072493110790697
1894,18.94,-2.2996022903763524
1895,18.95,-2.288334707179679
1896,18.96,-2.2734197259300055
1897,18.97,-2.254807618809014
1898,18.98,-2.232427475193506
1899,18.990000000000002,-2.206190480578932
1900,19.0,-2.1759946101144245
1901,19.01,-2.1417305025279725
1902,19.02,-2.103288213107484
1903,19.03,-2.0605644934228375
1904,19.04,-2.0134702136277633
1905,19.05,-1.961937532411718
1906,19.06,-1.9059264307481167
1907,19.07,-1.8454302580436857
1908,19.080000000000002,-1.780479991459271
1909,19.09,-1.711146978242883
1910,19.1,-1.6375440131128527
1911,19.11,-1.5598246935047773
1912,19.12,-1.4781810897860899
1913,19.13,-1.392839860048586
1914,19.14,-1.3040570245799659
1915,19.150000000000002,-1.212111688721182
1916,19.16,-1.1172990603098694
1917,19.17,-1.0199231459504425
1918,19.18,-0.9202895266800928
1919,19.19,-0.8186986071761388
1920,19.2,-0.7154397037195074
1921,19.21,-0.6107862862172357
1922,19.22,-0.5049926214231907
1923,19.23,-0.3982919818662296
1924,19.240000000000002,-0.29089649253366967
1925,19.25,-0.18299859029128765
1926,19.26,-0.07477397487468596
1927,19.27,0.03361415942725467
1928,19.28,0.1420099003716559
1929,19.29,0.25025875353303295
1930,19.3,0.35820153019416523
1931,19.31,0.4656683999326652
1932,19.32,0.5724735163633502
1933,19.330000000000002,0.6784105966611483
1934,19.34,0.7832497853099529
1935,19.35,0.8867360626573018
1936,19.36,0.9885893731013743
1937,19.37,1.0885065508283964
1938,19.38,1.1861650183604948
1939,19.39,1.2812281305433288
1940,19.400000000000002,1.3733519398229008
1941,19.41,1.46219307327239
1942,19.42,1.5474173427739748
1943,19.43,1.6287086610950563
1944,19.44,1.7057778112606758
1945,19.45,1.778370616256837
1946,19.46,1.8462750809478534
1947,19.47,1.909327126978092
1948,19.48,1.9674146118116722
1949,19.490000000000002,2.020479411168537
1950,19.5,2.0685174451395043
1951,19.51,2.111576636641496
1952,19.52,2.1497529005877745
1953,19.53,2.183184367060919
1954,19.54,2.2120441359819534
1955,19.55,2.2365319389261273
1956,19.56,2.2568651413741243
1957,19.57,2.27326955246642
1958,19.580000000000002,2.2859705172343054
1959,19.59,2.2951847477490768
1960,19.6,2.301113305587479
1961,19.61,2.3039360808312295
1962,19.62,2.303808026199453
1963,19.63,2.300857303675458
1964,19.64,2.295185390810526
1965,19.650000000000002,2.2868690809845043
1966,19.66,2.275964202684049
1967,19.67,2.2625107835611353
1968,19.68,2.2465393013667923
1969,19.69,2.228077600672671
1970,19.7,2.2071580153148567
1971,19.71,2.1838242240822385
1972,19.72,2.158137382189045
1973,19.73,2.130181112820646
1974,19.740000000000002,2.100065009296042
1975,19.75,2.0679263855061363
1976,19.76,2.0339301154027267
1977,19.77,1.9982665156167567
1978,19.78,1.9611473423370165
1979,19.79,1.9228000876784113
1980,19.8,1.8834608653237597
1981,19.81,1.8433662641378539
1982,19.82,1.8027446164734822
1983,19.830000000000002,1.761807170911793
1984,19.84,1.7207396744922194
1985,19.85,1.679694855937883
1986,19.86,1.638786259456677
1987,19.87,1.5980838105063968
1988,19.88,1.5576114040832016
1989,19.89,1.5173466975800778
1990,19.900000000000002,1.477223170074321
1991,19.91,1.437134384770311
1992,19.92,1.3969402683210435
1993,19.93,1.3564751068986587
1994,19.94,1.3155568607450592
1995,19.95,1.273997322239283
1996,19.96,1.2316125918317518
1997,19.97,1.188233324640963
1998,19.98,1.1437142095800223
1999,19.990000000000002,1.0979421823414663
